{"stats":{"minecraft:picked_up":{"minecraft:wooden_axe":1,"minecraft:iron_chestplate":4,"minecraft:crafting_table":12,"minecraft:allium":1,"minecraft:azure_bluet":6,"cgm:basic_bullet":12,"iceandfire:copper_ore":7,"tconstruct:materials_and_you":4,"minecraft:string":55,"minecraft:iron_axe":5,"minecraft:iron_leggings":1,"spartanweaponry:battleaxe_iron":1,"minecraft:beef":7,"minecraft:iron_nugget":3,"minecraft:poppy":3,"minecraft:iron_pickaxe":5,"cgm:advanced_bullet":32,"minecraft:birch_sapling":1,"minecraft:furnace":14,"minecraft:iron_boots":4,"minecraft:egg":2,"minecraft:stick":6,"iceandfire:ghost_chest":1,"spartanshields:shield_basic_iron":4,"minecraft:oak_door":4,"spartanweaponry:hammer_copper":4,"minecraft:torch":24,"iceandfire:silver_ore":60,"minecraft:porkchop":15,"iceandfire:rotten_egg":2,"minecraft:diorite":1,"minecraft:arrow":20,"minecraft:rotten_flesh":46,"minecraft:stone_shovel":3,"minecraft:mutton":10,"minecraft:cobblestone":205,"minecraft:white_wool":11,"minecraft:oxeye_daisy":13,"spartanweaponry:handle":9,"minecraft:andesite":12,"minecraft:salmon":1,"minecraft:leather":9,"theforbidden:forbidden_plant":2,"minecraft:potato":2,"minecraft:light_gray_dye":1,"minecraft:oak_log":76,"minecraft:gunpowder":10,"minecraft:lapis_lazuli":65,"minecraft:wooden_hoe":2,"minecraft:dirt":504,"minecraft:light_gray_concrete_powder":9,"minecraft:gray_concrete_powder":6,"minecraft:cooked_mutton":1,"minecraft:bone":8,"minecraft:apple":2,"minecraft:wheat_seeds":67,"minecraft:stone_pickaxe":1,"minecraft:iron_ingot":33,"minecraft:iron_ore":194,"minecraft:oak_planks":405,"tconstruct:copper_ore":28,"minecraft:cooked_porkchop":2,"cgm:rifle":5,"minecraft:gravel":18,"minecraft:sand":12,"minecraft:gold_ore":35,"minecraft:spider_eye":8,"spartanweaponry:pole":3,"cgm:pistol":1,"minecraft:light_gray_concrete":3,"minecraft:diamond":1,"minecraft:granite":6,"minecraft:black_wool":2,"minecraft:coal":409,"cgm:workbench":4},"minecraft:broken":{"minecraft:iron_pickaxe":1},"minecraft:mined":{"minecraft:diamond_ore":1,"iceandfire:silver_ore":12,"minecraft:oak_door":2,"minecraft:granite":6,"minecraft:grass_block":147,"minecraft:oxeye_daisy":1,"cgm:workbench":4,"minecraft:furnace":8,"iceandfire:copper_ore":4,"minecraft:iron_ore":170,"theforbidden:forbidden_plant":1,"minecraft:andesite":11,"minecraft:azure_bluet":4,"minecraft:light_gray_concrete":3,"minecraft:stone":192,"tconstruct:copper_ore":21,"minecraft:crafting_table":7,"minecraft:torch":12,"minecraft:tall_grass":34,"minecraft:cobblestone":4,"minecraft:lapis_ore":4,"minecraft:oak_planks":18,"minecraft:wall_torch":7,"minecraft:gray_concrete_powder":2,"minecraft:grass":139,"minecraft:oak_log":72,"minecraft:coal_ore":174,"minecraft:gravel":12,"minecraft:sand":6,"minecraft:dirt":77,"minecraft:gold_ore":7,"minecraft:oak_leaves":16,"minecraft:infested_stone":7},"minecraft:custom":{"minecraft:mob_kills":61,"minecraft:interact_with_crafting_table":28,"minecraft:damage_dealt_resisted":22,"minecraft:leave_game":5,"minecraft:time_since_death":790,"minecraft:sprint_one_cm":343442,"minecraft:walk_one_cm":443046,"minecraft:damage_blocked_by_shield":1002,"minecraft:drop":36,"minecraft:deaths":11,"minecraft:sneak_time":10802,"minecraft:walk_under_water_one_cm":11727,"minecraft:jump":3246,"minecraft:walk_on_water_one_cm":53148,"minecraft:interact_with_furnace":57,"minecraft:play_one_minute":163295,"minecraft:sleep_in_bed":1,"minecraft:time_since_rest":865,"minecraft:damage_taken":4012,"minecraft:trigger_trapped_chest":2,"minecraft:damage_dealt":10455,"minecraft:player_kills":4,"minecraft:swim_one_cm":19981,"minecraft:fly_one_cm":479241,"minecraft:crouch_one_cm":42924,"minecraft:fall_one_cm":74631},"minecraft:killed":{"iceandfire:hippogryph":1,"minecraft:spider":2,"minecraft:skeleton":4,"minecraft:silverfish":4,"theforbidden:moltencube":2,"minecraft:zombie_villager":1,"minecraft:salmon":1,"minecraft:creeper":4,"minecraft:sheep":7,"minecraft:zombie":22,"iceandfire:ghost":9,"minecraft:cow":3},"minecraft:crafted":{"minecraft:light_gray_concrete_powder":8,"minecraft:oak_planks":280,"minecraft:stone_shovel":1,"spartanshields:shield_basic_iron":1,"minecraft:iron_nugget":9,"minecraft:furnace":4,"minecraft:cooked_mutton":7,"spartanweaponry:hammer_copper":1,"minecraft:iron_boots":1,"minecraft:iron_axe":1,"minecraft:stone_pickaxe":1,"cgm:workbench":1,"spartanshields:shield_basic_wood":1,"spartanweaponry:pole":1,"minecraft:crafting_table":4,"minecraft:iron_helmet":1,"minecraft:wooden_pickaxe":2,"spartanweaponry:handle":4,"minecraft:cooked_salmon":1,"minecraft:air":0,"minecraft:iron_chestplate":1,"minecraft:wooden_hoe":1,"tconstruct:copper_ingot":7,"minecraft:stick":44,"minecraft:iron_ingot":121,"minecraft:iron_pickaxe":3,"minecraft:wooden_axe":2,"minecraft:iron_leggings":1,"minecraft:light_gray_dye":1,"minecraft:white_bed":1,"minecraft:torch":48},"minecraft:used":{"minecraft:stone_shovel":83,"minecraft:cooked_salmon":1,"spartanweaponry:battleaxe_iron":56,"minecraft:rotten_flesh":37,"minecraft:oak_door":4,"minecraft:torch":73,"minecraft:dirt":165,"minecraft:mutton":3,"cgm:workbench":4,"spartanweaponry:hammer_copper":118,"cgm:rifle":32,"minecraft:granite":1,"minecraft:wooden_axe":9,"minecraft:iron_axe":71,"iceandfire:ghost_chest":1,"minecraft:gray_concrete_powder":2,"minecraft:furnace":12,"minecraft:egg":2,"minecraft:potato":1,"minecraft:cooked_mutton":7,"minecraft:diorite":1,"minecraft:stone_pickaxe":141,"minecraft:oak_planks":213,"minecraft:wooden_pickaxe":21,"minecraft:crafting_table":9,"minecraft:white_bed":1,"minecraft:light_gray_concrete_powder":5,"minecraft:wooden_hoe":1,"minecraft:apple":2,"minecraft:bread":3,"minecraft:iron_pickaxe":471,"minecraft:gravel":8,"spartanshields:shield_basic_iron":40,"minecraft:cobblestone":124,"minecraft:andesite":3,"theforbidden:forbidden_plant":2},"minecraft:killed_by":{"minecraft:player":3,"minecraft:silverfish":2,"theforbidden:mysticskeleton":1,"minecraft:skeleton":1,"minecraft:zombie":1},"minecraft:dropped":{"minecraft:wheat_seeds":13,"spartanweaponry:hammer_copper":1,"minecraft:oak_log":2,"minecraft:cobblestone":1,"minecraft:dirt":39,"minecraft:sand":2,"minecraft:iron_axe":2,"minecraft:bone":6,"cgm:rifle":1,"minecraft:gravel":1,"cgm:pistol":1,"tconstruct:copper_ingot":1,"minecraft:birch_sapling":1,"minecraft:stone_shovel":1,"minecraft:rotten_flesh":1,"minecraft:oak_planks":48,"minecraft:azure_bluet":2,"iceandfire:copper_ore":3,"minecraft:poppy":3,"cgm:basic_bullet":3,"minecraft:allium":1,"minecraft:andesite":9,"minecraft:gray_concrete_powder":4,"minecraft:stone_pickaxe":1,"minecraft:black_wool":1}},"DataVersion":2586}