{"stats":{"minecraft:picked_up":{"minecraft:crafting_table":2,"minecraft:leather_chestplate":4,"minecraft:feather":2,"minecraft:chicken":2,"minecraft:salmon":12,"theforbidden:forbidden_plant":1,"minecraft:wither_rose":8,"minecraft:oak_log":17,"minecraft:brewing_stand":4,"minecraft:yellow_bed":2,"minecraft:dirt":51,"minecraft:string":10,"minecraft:paper":2,"minecraft:cooked_salmon":36,"minecraft:iron_axe":1,"minecraft:leather_boots":2,"minecraft:stone_pickaxe":4,"minecraft:cobweb":6,"minecraft:chest":6,"minecraft:oak_planks":130,"minecraft:furnace":1,"minecraft:stick":35,"minecraft:porkchop":2,"minecraft:white_bed":5,"minecraft:spider_eye":5,"minecraft:cauldron":12,"spartanshields:shield_tower_stone":4,"minecraft:rotten_flesh":4,"minecraft:stone_axe":4,"iceandfire:lectern":3,"minecraft:bone_meal":5,"minecraft:oak_sapling":1,"minecraft:mutton":7,"minecraft:coal":19,"minecraft:white_wool":4,"minecraft:cobblestone":108},"minecraft:mined":{"minecraft:white_bed":2,"minecraft:brewing_stand":1,"minecraft:crafting_table":2,"minecraft:dark_oak_wood":1,"minecraft:grass_block":15,"minecraft:chest":2,"iceandfire:lectern":1,"minecraft:tall_grass":7,"minecraft:cauldron":4,"minecraft:large_fern":1,"minecraft:furnace":1,"theforbidden:forbidden_plant":1,"minecraft:yellow_bed":2,"minecraft:wither_rose":2,"minecraft:grass":25,"minecraft:oak_log":14,"minecraft:coal_ore":13,"minecraft:vine":2,"minecraft:dirt":11,"minecraft:stone":36,"minecraft:oak_leaves":10,"minecraft:fern":3},"minecraft:custom":{"minecraft:interact_with_furnace":7,"minecraft:mob_kills":23,"minecraft:interact_with_crafting_table":6,"minecraft:play_one_minute":71484,"minecraft:leave_game":3,"minecraft:time_since_death":7557,"minecraft:climb_one_cm":147,"minecraft:time_since_rest":7585,"minecraft:sprint_one_cm":102615,"minecraft:damage_taken":2964,"minecraft:walk_one_cm":74416,"minecraft:trigger_trapped_chest":1,"minecraft:drop":1,"minecraft:damage_dealt":2737,"minecraft:swim_one_cm":7511,"minecraft:fly_one_cm":177477,"minecraft:open_chest":3,"minecraft:crouch_one_cm":7081,"minecraft:deaths":8,"minecraft:sneak_time":1543,"minecraft:walk_under_water_one_cm":13977,"minecraft:jump":749,"minecraft:walk_on_water_one_cm":4321,"minecraft:fall_one_cm":17518},"minecraft:crafted":{"minecraft:oak_planks":56,"minecraft:cooked_porkchop":2,"minecraft:crafting_table":1,"minecraft:wooden_pickaxe":1,"minecraft:furnace":1,"minecraft:cooked_salmon":12,"minecraft:stone_axe":1,"minecraft:air":0,"spartanshields:shield_tower_stone":1,"minecraft:stick":12,"minecraft:stone_pickaxe":1,"spartanshields:shield_tower_wood":1},"minecraft:killed":{"theforbidden:warriorskeleton":1,"minecraft:pig":1,"minecraft:salmon":13,"minecraft:spider":1,"minecraft:sheep":4,"minecraft:zombie":2,"minecraft:chicken":1},"minecraft:used":{"minecraft:stone_pickaxe":43,"minecraft:wooden_pickaxe":31,"minecraft:cooked_salmon":7,"minecraft:rotten_flesh":4,"minecraft:dirt":14,"minecraft:crafting_table":3,"minecraft:white_bed":1,"minecraft:stone_axe":77,"minecraft:furnace":2,"minecraft:cooked_porkchop":2,"minecraft:yellow_bed":2},"minecraft:killed_by":{"minecraft:player":1,"minecraft:skeleton":3,"minecraft:spider":1,"minecraft:zombie":2},"minecraft:dropped":{"minecraft:iron_axe":1}},"DataVersion":2586}