{"stats":{"minecraft:picked_up":{"minecraft:crafting_table":1,"minecraft:iron_chestplate":1,"minecraft:azure_bluet":10,"cgm:basic_bullet":3,"iceandfire:copper_ore":4,"minecraft:andesite":1,"spartanweaponry:cave_spider_head":1,"tconstruct:materials_and_you":2,"minecraft:wooden_pickaxe":1,"theforbidden:forbidden_plant":1,"minecraft:oak_log":9,"minecraft:gunpowder":4,"minecraft:lapis_lazuli":21,"minecraft:wooden_hoe":1,"minecraft:string":13,"minecraft:dirt":522,"minecraft:iron_axe":1,"minecraft:light_gray_concrete_powder":3,"minecraft:gray_concrete_powder":1,"minecraft:iron_leggings":1,"minecraft:iron_shovel":1,"minecraft:zombie_head":4,"minecraft:wheat_seeds":20,"minecraft:iron_ingot":54,"minecraft:stone_pickaxe":1,"minecraft:iron_ore":24,"minecraft:iron_nugget":23,"minecraft:poppy":1,"minecraft:iron_pickaxe":1,"minecraft:oak_planks":113,"minecraft:stick":2,"iceandfire:copper_nugget":5,"iceandfire:ghost_chest":1,"tconstruct:copper_ore":20,"minecraft:oak_door":1,"minecraft:cooked_porkchop":3,"cgm:rifle":1,"spartanweaponry:hammer_copper":1,"minecraft:torch":3,"iceandfire:silver_ore":12,"minecraft:porkchop":3,"minecraft:sand":1,"minecraft:white_dye":2,"minecraft:ink_sac":1,"minecraft:diorite":1,"minecraft:gold_ore":7,"spartanweaponry:pole":1,"minecraft:arrow":1,"minecraft:rotten_flesh":2,"minecraft:granite":3,"minecraft:chainmail_helmet":1,"iceandfire:silver_nugget":1,"minecraft:coal":33,"minecraft:skeleton_skull":2,"minecraft:oxeye_daisy":8,"minecraft:cobblestone":108},"minecraft:mined":{"minecraft:crafting_table":1,"minecraft:grass_block":2,"minecraft:tall_grass":11,"minecraft:diorite":1,"minecraft:tall_seagrass":2,"minecraft:gray_concrete_powder":1,"minecraft:iron_ore":11,"minecraft:grass":21,"minecraft:oak_log":9,"minecraft:coal_ore":29,"minecraft:zombie_head":1,"minecraft:sand":1,"minecraft:dirt":4,"minecraft:stone":65,"minecraft:oak_leaves":1,"minecraft:infested_stone":2,"tconstruct:copper_ore":6},"minecraft:custom":{"minecraft:interact_with_furnace":1,"minecraft:mob_kills":2,"minecraft:interact_with_crafting_table":5,"minecraft:play_one_minute":47349,"minecraft:leave_game":3,"minecraft:time_since_death":1448,"minecraft:sleep_in_bed":2,"minecraft:damage_resisted":160,"minecraft:time_since_rest":1482,"minecraft:sprint_one_cm":152597,"minecraft:damage_taken":4690,"minecraft:walk_one_cm":73723,"minecraft:trigger_trapped_chest":1,"minecraft:drop":13,"minecraft:damage_dealt":1016,"minecraft:swim_one_cm":8302,"minecraft:fly_one_cm":368027,"minecraft:crouch_one_cm":22043,"minecraft:deaths":14,"minecraft:sneak_time":3261,"minecraft:walk_under_water_one_cm":5373,"minecraft:jump":1784,"minecraft:walk_on_water_one_cm":5566,"minecraft:fall_one_cm":61817},"minecraft:killed":{"minecraft:pig":1,"minecraft:zombie":1},"minecraft:crafted":{"minecraft:wooden_sword":1,"minecraft:oak_planks":24,"minecraft:crafting_table":2,"minecraft:wooden_pickaxe":1,"minecraft:stick":12,"minecraft:stone_pickaxe":1,"minecraft:wooden_axe":1,"minecraft:torch":8},"minecraft:used":{"minecraft:stone_pickaxe":116,"minecraft:wooden_pickaxe":17,"minecraft:rotten_flesh":2,"minecraft:torch":8,"minecraft:dirt":46,"minecraft:sand":1,"minecraft:crafting_table":2,"minecraft:iron_axe":3,"minecraft:cobblestone":7,"minecraft:porkchop":3,"minecraft:cooked_porkchop":1},"minecraft:killed_by":{"minecraft:player":7,"minecraft:skeleton":2,"minecraft:zombie":1,"minecraft:enderman":1,"iceandfire:ghost":1},"minecraft:dropped":{"minecraft:oak_door":1,"minecraft:wheat_seeds":6,"minecraft:crafting_table":1,"minecraft:oak_planks":16,"minecraft:oxeye_daisy":3,"minecraft:dirt":23,"iceandfire:ghost_chest":1,"theforbidden:forbidden_plant":1,"minecraft:iron_chestplate":1,"minecraft:iron_ore":13}},"DataVersion":2586}