{"stats":{"minecraft:picked_up":{"minecraft:wooden_axe":1,"minecraft:iron_chestplate":1,"minecraft:crafting_table":5,"minecraft:wheat":4,"minecraft:allium":8,"minecraft:azure_bluet":3,"cgm:basic_bullet":24,"iceandfire:copper_ore":3,"spartanweaponry:cave_spider_head":3,"minecraft:brown_mushroom":1,"tconstruct:materials_and_you":3,"minecraft:wooden_pickaxe":2,"minecraft:enchanted_book":1,"minecraft:cornflower":1,"iceandfire:manuscript":12,"minecraft:iron_axe":7,"minecraft:iron_leggings":8,"minecraft:iron_shovel":7,"minecraft:zombie_head":13,"minecraft:beetroot":2,"iceandfire:graveyard_soil":10,"minecraft:gold_nugget":6,"minecraft:beef":15,"minecraft:red_dye":9,"minecraft:rose_bush":6,"minecraft:iron_nugget":173,"minecraft:poppy":16,"minecraft:light_gray_wool":1,"minecraft:furnace":23,"minecraft:egg":4,"minecraft:stick":12,"iceandfire:ghost_chest":6,"minecraft:oak_door":3,"minecraft:torch":3,"minecraft:gray_dye":7,"minecraft:porkchop":8,"minecraft:white_dye":14,"minecraft:carrot":6,"minecraft:arrow":4,"minecraft:rotten_flesh":8,"minecraft:beetroot_seeds":3,"minecraft:mutton":2,"minecraft:skeleton_skull":6,"minecraft:white_wool":1,"minecraft:cobblestone":59,"minecraft:oxeye_daisy":9,"minecraft:lilac":2,"minecraft:leather":42,"minecraft:yellow_dye":8,"theforbidden:forbidden_plant":2,"minecraft:potato":8,"minecraft:light_gray_dye":13,"minecraft:oak_log":56,"iceandfire:ectoplasm":5,"minecraft:gunpowder":1,"minecraft:dirt":780,"minecraft:bone":10,"minecraft:bow":1,"minecraft:wheat_seeds":55,"minecraft:orange_tulip":4,"minecraft:cobweb":6,"minecraft:iron_ingot":2,"minecraft:stone_pickaxe":2,"minecraft:iron_ore":32,"minecraft:glass_bottle":1,"minecraft:oak_planks":130,"iceandfire:copper_nugget":35,"minecraft:dandelion":1,"spartanweaponry:pike_copper":3,"minecraft:gravel":1,"minecraft:sand":1,"minecraft:ink_sac":1,"minecraft:white_bed":3,"minecraft:grass_block":2,"minecraft:mossy_cobblestone":3,"cgm:pistol":2,"minecraft:stone_axe":2,"minecraft:iron_helmet":1,"minecraft:emerald":2,"minecraft:chainmail_helmet":7,"minecraft:oak_sapling":8,"cgm:workbench":2,"iceandfire:silver_nugget":5,"minecraft:coal":115,"minecraft:ender_pearl":3},"minecraft:broken":{"minecraft:wooden_shovel":1},"minecraft:mined":{"minecraft:white_bed":2,"minecraft:mossy_cobblestone":1,"minecraft:allium":7,"minecraft:grass_block":163,"minecraft:oxeye_daisy":7,"cgm:workbench":1,"minecraft:carrots":2,"spartanweaponry:cave_spider_wall_head":1,"theforbidden:forbidden_plant":1,"minecraft:azure_bluet":2,"minecraft:skeleton_wall_skull":2,"minecraft:potatoes":1,"minecraft:vine":1,"minecraft:stone":20,"minecraft:brown_mushroom":1,"minecraft:dandelion":1,"minecraft:cornflower":1,"minecraft:poppy":10,"iceandfire:ghost_chest":3,"minecraft:rose_bush":6,"minecraft:tall_grass":14,"minecraft:oak_planks":11,"minecraft:wall_torch":1,"minecraft:skeleton_skull":1,"minecraft:wheat":8,"minecraft:lilac":2,"minecraft:orange_tulip":4,"minecraft:grass":25,"minecraft:oak_log":56,"minecraft:coal_ore":14,"minecraft:beetroots":1,"minecraft:zombie_head":1,"minecraft:dirt":246,"minecraft:zombie_wall_head":3,"minecraft:oak_leaves":15},"minecraft:custom":{"minecraft:mob_kills":20,"minecraft:interact_with_crafting_table":12,"minecraft:bell_ring":19,"minecraft:leave_game":4,"minecraft:time_since_death":4583,"minecraft:climb_one_cm":418,"minecraft:sprint_one_cm":251865,"minecraft:walk_one_cm":368914,"minecraft:drop":45,"minecraft:deaths":19,"minecraft:sneak_time":557,"minecraft:walk_under_water_one_cm":5436,"minecraft:jump":2387,"minecraft:walk_on_water_one_cm":15537,"minecraft:interact_with_furnace":10,"minecraft:play_one_minute":115510,"minecraft:sleep_in_bed":1,"minecraft:time_since_rest":4613,"minecraft:damage_taken":5164,"minecraft:trigger_trapped_chest":7,"minecraft:damage_dealt":3373,"minecraft:swim_one_cm":17429,"minecraft:fly_one_cm":270951,"minecraft:player_kills":2,"minecraft:open_chest":2,"minecraft:crouch_one_cm":20787,"minecraft:fall_one_cm":49064},"minecraft:killed":{"minecraft:skeleton":1,"minecraft:pig":3,"minecraft:sheep":2,"minecraft:zombie":5,"iceandfire:ghost":1,"minecraft:cow":5,"minecraft:enderman":2},"minecraft:crafted":{"minecraft:oak_planks":136,"minecraft:furnace":1,"minecraft:stone_pickaxe":1,"minecraft:cooked_beef":2,"minecraft:wooden_shovel":1,"minecraft:wooden_pickaxe":1,"minecraft:stone_axe":1,"minecraft:stick":8,"minecraft:iron_ingot":2,"minecraft:iron_shovel":1},"minecraft:used":{"minecraft:iron_shovel":216,"minecraft:wooden_shovel":62,"iceandfire:copper_ore":1,"minecraft:rotten_flesh":6,"minecraft:oak_door":1,"minecraft:torch":1,"minecraft:dirt":415,"spartanweaponry:cave_spider_head":1,"minecraft:iron_axe":112,"minecraft:grass_block":1,"iceandfire:ghost_chest":2,"minecraft:oak_sapling":2,"minecraft:furnace":1,"minecraft:beetroot_seeds":3,"minecraft:skeleton_skull":2,"minecraft:egg":3,"minecraft:cooked_beef":1,"minecraft:wheat_seeds":7,"minecraft:iron_ore":1,"cgm:pistol":12,"minecraft:stone_pickaxe":3,"minecraft:oak_planks":12,"minecraft:ender_pearl":1,"minecraft:wooden_pickaxe":34,"minecraft:mossy_cobblestone":1,"minecraft:crafting_table":1,"minecraft:white_bed":1,"minecraft:oxeye_daisy":1,"minecraft:zombie_head":5,"minecraft:bread":2,"spartanweaponry:pike_copper":6,"minecraft:stone_axe":26,"theforbidden:forbidden_plant":1,"minecraft:cobweb":6},"minecraft:killed_by":{"minecraft:player":1,"minecraft:enderman":4,"theforbidden:mysticskeleton":1,"minecraft:skeleton":1,"minecraft:zombie":3,"iceandfire:ghost":7},"minecraft:dropped":{"minecraft:iron_ingot":1,"minecraft:wheat_seeds":8,"minecraft:glass_bottle":1,"minecraft:iron_helmet":1,"minecraft:oxeye_daisy":1,"theforbidden:forbidden_plant":1,"tconstruct:materials_and_you":1,"minecraft:yellow_dye":8,"minecraft:iron_leggings":1,"minecraft:iron_axe":1,"minecraft:red_dye":2,"minecraft:iron_shovel":1,"minecraft:gray_dye":7,"spartanweaponry:cave_spider_head":1,"cgm:pistol":1,"minecraft:oak_planks":121,"spartanweaponry:pike_copper":1,"iceandfire:ghost_chest":2,"minecraft:iron_chestplate":1,"minecraft:light_gray_dye":13,"minecraft:arrow":4}},"DataVersion":2586}