{"stats":{"minecraft:picked_up":{"minecraft:crafting_table":7,"minecraft:iron_chestplate":11,"minecraft:azure_bluet":12,"cgm:basic_bullet":252,"minecraft:chicken":1,"spartanweaponry:cave_spider_head":12,"tconstruct:materials_and_you":9,"minecraft:wooden_pickaxe":14,"minecraft:string":84,"minecraft:iron_axe":5,"minecraft:iron_leggings":14,"minecraft:zombie_head":2,"spartanweaponry:battleaxe_iron":1,"cgm:mini_gun":1,"minecraft:beef":4,"minecraft:red_dye":2,"minecraft:iron_nugget":169,"minecraft:poppy":8,"minecraft:iron_pickaxe":13,"cgm:bazooka":7,"minecraft:furnace":2,"minecraft:iron_boots":11,"minecraft:egg":2,"minecraft:stick":12,"minecraft:oak_door":10,"minecraft:torch":6,"minecraft:gray_dye":73,"minecraft:porkchop":15,"minecraft:white_dye":10,"minecraft:diorite":19,"minecraft:redstone":36,"minecraft:black_dye":15,"minecraft:arrow":46,"minecraft:rotten_flesh":42,"minecraft:mutton":2,"minecraft:white_wool":3,"minecraft:cobblestone":306,"minecraft:oxeye_daisy":3,"minecraft:feather":3,"minecraft:cooked_beef":9,"minecraft:andesite":24,"minecraft:salmon":6,"minecraft:leather":4,"minecraft:yellow_dye":34,"theforbidden:forbidden_plant":8,"cgm:missile":62,"minecraft:light_gray_dye":178,"minecraft:oak_log":17,"minecraft:gunpowder":12,"minecraft:dirt":357,"minecraft:light_gray_concrete_powder":20,"minecraft:gray_concrete_powder":56,"minecraft:bone":37,"minecraft:wheat_seeds":9,"minecraft:orange_tulip":1,"minecraft:stone_pickaxe":3,"minecraft:iron_ingot":256,"minecraft:iron_ore":189,"minecraft:glass_bottle":15,"tconstruct:copper_ingot":4,"minecraft:oak_planks":132,"minecraft:dandelion":18,"spartanweaponry:pike_copper":2,"minecraft:gravel":50,"minecraft:sand":30,"minecraft:ink_sac":6,"minecraft:lily_of_the_valley":3,"minecraft:spider_eye":16,"cgm:pistol":13,"minecraft:light_gray_concrete":6,"minecraft:iron_helmet":10,"minecraft:granite":7,"minecraft:chainmail_helmet":5,"minecraft:black_wool":2,"minecraft:coal":37,"cgm:workbench":2},"minecraft:used":{"minecraft:cooked_chicken":1,"minecraft:rotten_flesh":9,"minecraft:oak_door":2,"minecraft:dirt":149,"minecraft:mutton":1,"cgm:workbench":3,"cgm:rifle":14,"minecraft:granite":2,"minecraft:lava_bucket":1,"cgm:shotgun":1,"minecraft:iron_axe":62,"minecraft:gray_concrete_powder":8,"minecraft:furnace":4,"minecraft:egg":2,"minecraft:cooked_beef":8,"minecraft:diorite":14,"minecraft:stone_pickaxe":83,"cgm:pistol":166,"minecraft:oak_planks":4,"minecraft:wooden_pickaxe":20,"minecraft:white_wool":1,"minecraft:sand":3,"minecraft:crafting_table":8,"cgm:bazooka":16,"minecraft:light_gray_concrete_powder":16,"minecraft:black_wool":1,"minecraft:zombie_head":2,"minecraft:string":1,"minecraft:iron_pickaxe":289,"spartanweaponry:pike_copper":6,"minecraft:gravel":11,"minecraft:cobblestone":57,"minecraft:cooked_porkchop":17,"minecraft:andesite":2,"cgm:mini_gun":46},"minecraft:custom":{"minecraft:mob_kills":63,"minecraft:interact_with_crafting_table":33,"minecraft:damage_dealt_resisted":59,"minecraft:leave_game":14,"minecraft:time_since_death":28206,"minecraft:sprint_one_cm":331022,"minecraft:walk_one_cm":315235,"minecraft:drop":17,"minecraft:deaths":19,"minecraft:sneak_time":13088,"minecraft:walk_under_water_one_cm":20382,"minecraft:jump":3520,"minecraft:walk_on_water_one_cm":31883,"minecraft:interact_with_furnace":76,"minecraft:play_one_minute":228498,"minecraft:sleep_in_bed":3,"minecraft:time_since_rest":28235,"minecraft:damage_taken":7530,"minecraft:trigger_trapped_chest":1,"minecraft:damage_dealt":5525,"minecraft:player_kills":6,"minecraft:swim_one_cm":34292,"minecraft:fly_one_cm":1114127,"minecraft:open_chest":1,"minecraft:crouch_one_cm":44394,"minecraft:fall_one_cm":97279},"minecraft:killed_by":{"minecraft:player":1,"minecraft:creeper":1,"minecraft:enderman":1,"minecraft:cave_spider":1,"minecraft:skeleton":1,"minecraft:zombie":2,"iceandfire:ghost":4},"minecraft:dropped":{"minecraft:wheat_seeds":2,"minecraft:oak_log":11,"cgm:mini_gun":1,"minecraft:cobblestone":25,"tconstruct:materials_and_you":1,"spartanweaponry:battleaxe_iron":1,"minecraft:iron_leggings":1,"cgm:shell":63,"cgm:pistol":1,"cgm:shotgun":1,"spartanweaponry:pike_copper":2,"cgm:basic_bullet":24,"minecraft:gray_concrete_powder":4,"minecraft:wooden_pickaxe":1,"minecraft:stone_pickaxe":1},"minecraft:killed":{"minecraft:cave_spider":8,"minecraft:witch":1,"minecraft:spider":2,"minecraft:skeleton":4,"minecraft:chicken":3,"minecraft:pig":4,"minecraft:salmon":5,"minecraft:iron_golem":1,"minecraft:squid":5,"minecraft:creeper":10,"minecraft:sheep":1,"minecraft:zombie":14,"theforbidden:assassinskeleton":1,"minecraft:cow":2},"minecraft:broken":{"minecraft:iron_boots":1,"minecraft:iron_leggings":1,"minecraft:iron_pickaxe":1,"minecraft:iron_helmet":1},"minecraft:crafted":{"minecraft:black_dye":6,"minecraft:light_gray_concrete_powder":16,"minecraft:oak_planks":24,"minecraft:iron_nugget":45,"minecraft:cooked_chicken":1,"minecraft:furnace":4,"minecraft:gray_dye":12,"minecraft:bone_meal":9,"minecraft:iron_boots":1,"minecraft:iron_axe":2,"minecraft:stone_pickaxe":2,"cgm:workbench":2,"minecraft:cooked_beef":5,"minecraft:red_dye":2,"minecraft:cooked_porkchop":12,"minecraft:crafting_table":4,"minecraft:wooden_pickaxe":1,"minecraft:iron_helmet":1,"minecraft:gray_concrete_powder":8,"minecraft:air":0,"minecraft:iron_chestplate":1,"minecraft:yellow_dye":5,"minecraft:white_dye":12,"minecraft:stick":16,"minecraft:iron_ingot":120,"minecraft:iron_pickaxe":2,"minecraft:iron_leggings":2,"minecraft:light_gray_dye":15},"minecraft:mined":{"minecraft:oak_door":1,"minecraft:granite":2,"minecraft:grass_block":14,"minecraft:oxeye_daisy":3,"cgm:workbench":1,"minecraft:furnace":1,"minecraft:iron_ore":137,"minecraft:andesite":3,"minecraft:azure_bluet":4,"minecraft:light_gray_concrete":6,"minecraft:stone":140,"minecraft:white_wool":1,"minecraft:tripwire":1,"minecraft:lily_of_the_valley":4,"minecraft:dandelion":4,"minecraft:crafting_table":3,"minecraft:tall_grass":6,"minecraft:cobblestone":20,"minecraft:oak_planks":7,"minecraft:diorite":14,"minecraft:wall_torch":1,"minecraft:birch_leaves":1,"minecraft:orange_tulip":1,"minecraft:grass":20,"minecraft:oak_log":6,"minecraft:coal_ore":31,"minecraft:gravel":25,"minecraft:sand":15,"minecraft:dirt":76,"minecraft:oak_leaves":4}},"DataVersion":2586}