{"stats":{"minecraft:used":{"minecraft:dirt":10,"minecraft:cobblestone":2,"minecraft:crafting_table":1,"minecraft:wooden_pickaxe":10},"minecraft:crafted":{"minecraft:oak_planks":24,"minecraft:crafting_table":1,"minecraft:stick":4,"minecraft:wooden_pickaxe":1},"minecraft:picked_up":{"minecraft:orange_tulip":1,"minecraft:wheat_seeds":3,"minecraft:oak_log":6,"minecraft:diorite":4,"minecraft:coal":3,"minecraft:dirt":16,"minecraft:cobblestone":3},"minecraft:custom":{"minecraft:time_since_rest":3833,"minecraft:play_one_minute":17288,"minecraft:crouch_one_cm":1620,"minecraft:sprint_one_cm":14748,"minecraft:walk_one_cm":6844,"minecraft:damage_taken":620,"minecraft:deaths":2,"minecraft:sneak_time":576,"minecraft:walk_under_water_one_cm":2111,"minecraft:jump":215,"minecraft:damage_dealt":160,"minecraft:leave_game":3,"minecraft:time_since_death":3569,"minecraft:walk_on_water_one_cm":3390,"minecraft:interact_with_crafting_table":1,"minecraft:swim_one_cm":4480,"minecraft:fall_one_cm":7193,"minecraft:fly_one_cm":49038},"minecraft:killed_by":{"minecraft:enderman":1},"minecraft:mined":{"minecraft:grass":7,"minecraft:coal_ore":3,"minecraft:oak_log":6,"minecraft:grass_block":4,"minecraft:dirt":13,"minecraft:tall_grass":4,"minecraft:stone":3,"minecraft:diorite":4,"minecraft:orange_tulip":1,"minecraft:oak_leaves":4}},"DataVersion":2586}