{"stats":{"minecraft:picked_up":{"minecraft:crafting_table":3,"minecraft:iron_chestplate":3,"cgm:basic_bullet":64,"minecraft:chicken":3,"iceandfire:copper_ore":10,"spartanweaponry:cave_spider_head":4,"tconstruct:materials_and_you":3,"artifacts:umbrella":1,"minecraft:wooden_pickaxe":2,"minecraft:wither_rose":2,"minecraft:gold_block":3,"iceandfire:manuscript":7,"paraglider:goddess_statue":3,"minecraft:string":31,"theforbidden:moltenfragments":1,"minecraft:iron_leggings":4,"minecraft:iron_shovel":2,"minecraft:zombie_head":5,"iceandfire:graveyard_soil":4,"iceandfire:bestiary":1,"minecraft:gold_nugget":29,"cgm:mini_gun":3,"minecraft:beef":34,"minecraft:rose_bush":1,"minecraft:light_gray_wool":2,"minecraft:iron_nugget":30,"minecraft:poppy":1,"minecraft:iron_pickaxe":3,"minecraft:spruce_slab":1,"minecraft:sugar_cane":10,"minecraft:furnace":2,"minecraft:egg":6,"minecraft:iron_boots":3,"iceandfire:pixie_dust":1,"iceandfire:ghost_chest":1,"minecraft:stick":23,"spartanshields:shield_basic_iron":1,"minecraft:oak_door":3,"minecraft:torch":64,"sophisticatedbackpacks:backpack":1,"minecraft:gray_dye":2,"minecraft:porkchop":7,"minecraft:redstone":4,"minecraft:black_dye":3,"minecraft:arrow":19,"minecraft:rotten_flesh":42,"minecraft:red_tulip":1,"minecraft:saddle":1,"minecraft:mutton":26,"minecraft:snowball":2,"minecraft:skeleton_skull":2,"minecraft:white_wool":16,"minecraft:cobblestone":170,"minecraft:oxeye_daisy":1,"minecraft:feather":6,"minecraft:cooked_beef":18,"tconstruct:greenheart_log":5,"minecraft:leather":50,"theforbidden:forbidden_plant":2,"paraglider:spirit_orb":4,"minecraft:flint":3,"minecraft:light_gray_dye":25,"minecraft:oak_log":22,"iceandfire:ectoplasm":1,"minecraft:gunpowder":16,"minecraft:dirt":92,"minecraft:gray_concrete_powder":1,"minecraft:bone":4,"minecraft:bow":2,"minecraft:wheat_seeds":2,"minecraft:iron_ingot":83,"minecraft:stone_pickaxe":1,"minecraft:cobweb":1,"minecraft:iron_ore":113,"minecraft:glass_bottle":1,"tconstruct:copper_ingot":1,"minecraft:oak_planks":38,"minecraft:book":66,"spartanweaponry:scythe_iron":2,"iceandfire:copper_nugget":19,"tconstruct:copper_ore":95,"iceandfire:podium_spruce":1,"minecraft:dandelion":3,"spartanweaponry:pike_copper":1,"minecraft:gravel":8,"minecraft:sand":5,"spartanweaponry:pole":2,"minecraft:slime_ball":6,"minecraft:granite":1,"minecraft:oak_sapling":3,"minecraft:black_wool":2,"iceandfire:silver_nugget":11,"minecraft:coal":53,"minecraft:ender_pearl":3},"minecraft:broken":{"minecraft:stone_pickaxe":1,"minecraft:iron_pickaxe":1},"minecraft:mined":{"iceandfire:graveyard_soil":6,"iceandfire:copper_pile":2,"minecraft:grass_block":22,"minecraft:spruce_leaves":1,"minecraft:oxeye_daisy":1,"minecraft:spawner":1,"minecraft:tall_seagrass":1,"minecraft:furnace":2,"iceandfire:copper_ore":5,"minecraft:iron_ore":104,"minecraft:snow":3,"theforbidden:forbidden_plant":1,"minecraft:gold_block":3,"minecraft:bookshelf":12,"minecraft:red_tulip":1,"minecraft:vine":1,"tconstruct:earth_slime_leaves":18,"iceandfire:gold_pile":3,"tconstruct:earth_congealed_slime":1,"minecraft:stone":69,"iceandfire:podium_spruce":1,"tconstruct:copper_ore":82,"minecraft:spruce_slab":1,"minecraft:crafting_table":3,"minecraft:torch":3,"minecraft:poppy":1,"tconstruct:greenheart_log":5,"iceandfire:ghost_chest":1,"minecraft:rose_bush":1,"minecraft:tall_grass":1,"minecraft:cobblestone":7,"minecraft:sugar_cane":7,"minecraft:wall_torch":1,"minecraft:seagrass":2,"minecraft:wither_rose":2,"minecraft:grass":13,"minecraft:oak_log":11,"minecraft:coal_ore":38,"iceandfire:silver_pile":3,"minecraft:gravel":9,"minecraft:dirt":33,"minecraft:cobweb":12,"minecraft:fern":2,"minecraft:oak_leaves":1,"paraglider:goddess_statue":2},"minecraft:custom":{"minecraft:mob_kills":109,"minecraft:interact_with_crafting_table":45,"minecraft:bell_ring":2,"minecraft:damage_dealt_resisted":55,"minecraft:leave_game":4,"minecraft:time_since_death":57475,"minecraft:climb_one_cm":484,"minecraft:sprint_one_cm":295488,"minecraft:walk_one_cm":643036,"minecraft:damage_blocked_by_shield":702,"minecraft:drop":94,"minecraft:talked_to_villager":1,"minecraft:deaths":3,"minecraft:sneak_time":2281,"minecraft:walk_under_water_one_cm":7842,"minecraft:jump":2755,"minecraft:walk_on_water_one_cm":18626,"minecraft:interact_with_furnace":81,"minecraft:play_one_minute":166603,"minecraft:time_since_rest":57505,"minecraft:damage_taken":3135,"minecraft:trigger_trapped_chest":2,"minecraft:damage_dealt":16337,"minecraft:swim_one_cm":26131,"minecraft:fly_one_cm":417242,"minecraft:open_chest":9,"minecraft:crouch_one_cm":7783,"minecraft:fall_one_cm":59367,"minecraft:horse_one_cm":27399},"minecraft:crafted":{"minecraft:oak_planks":44,"spartanshields:shield_basic_iron":1,"minecraft:iron_nugget":27,"spartanweaponry:scythe_iron":1,"minecraft:furnace":2,"spartanweaponry:battleaxe_iron":1,"minecraft:cooked_mutton":11,"iceandfire:armor_copper_metal_helmet":1,"minecraft:iron_boots":1,"minecraft:chest":1,"spartanshields:shield_basic_wood":1,"minecraft:cooked_beef":20,"minecraft:red_dye":3,"iceandfire:copper_ingot":6,"sophisticatedbackpacks:backpack":2,"iceandfire:silver_ingot":1,"spartanweaponry:pole":4,"spartanweaponry:hammer_iron":1,"minecraft:crafting_table":1,"spartanweaponry:handle":5,"minecraft:bucket":1,"minecraft:air":0,"minecraft:iron_chestplate":1,"tconstruct:copper_ingot":66,"minecraft:stick":36,"minecraft:iron_ingot":102,"minecraft:iron_pickaxe":2,"minecraft:gold_ingot":29,"minecraft:light_gray_dye":1,"spartanweaponry:pike_copper":1,"minecraft:torch":52},"minecraft:killed":{"theforbidden:warriorskeleton":2,"tconstruct:earth_slime":1,"minecraft:cave_spider":3,"minecraft:spider":4,"minecraft:skeleton":7,"minecraft:guardian":1,"minecraft:chicken":2,"theforbidden:moltencube":12,"theforbidden:berserkerskeleton":1,"minecraft:pig":5,"minecraft:bat":1,"minecraft:creeper":4,"minecraft:sheep":17,"iceandfire:ghost":2,"minecraft:zombie":29,"minecraft:enderman":2,"minecraft:cow":16},"minecraft:used":{"minecraft:iron_shovel":57,"minecraft:spruce_slab":1,"spartanweaponry:battleaxe_iron":4,"minecraft:rotten_flesh":43,"minecraft:oak_door":3,"minecraft:torch":27,"paraglider:goddess_statue":1,"minecraft:dirt":20,"spartanweaponry:cave_spider_head":1,"minecraft:snowball":2,"minecraft:red_tulip":1,"minecraft:bow":1,"minecraft:beef":1,"minecraft:oak_sapling":2,"minecraft:furnace":4,"minecraft:skeleton_skull":2,"minecraft:egg":6,"minecraft:cooked_beef":20,"minecraft:cooked_mutton":1,"minecraft:stone_pickaxe":72,"minecraft:wooden_pickaxe":17,"minecraft:white_wool":1,"iceandfire:podium_spruce":1,"minecraft:crafting_table":4,"tconstruct:earth_slime_bucket":1,"minecraft:zombie_head":4,"minecraft:chicken":3,"minecraft:bread":1,"minecraft:iron_pickaxe":309,"iceandfire:graveyard_soil":4,"spartanweaponry:pike_copper":2,"minecraft:gravel":8,"spartanshields:shield_basic_iron":39,"minecraft:cobblestone":18,"minecraft:bucket":2,"cgm:mini_gun":64,"theforbidden:forbidden_plant":2,"spartanweaponry:scythe_iron":208,"minecraft:experience_bottle":2},"minecraft:killed_by":{"minecraft:player":1,"minecraft:witch":1,"iceandfire:ghost":1},"minecraft:dropped":{"minecraft:iron_ingot":17,"minecraft:black_dye":3,"minecraft:wheat_seeds":2,"minecraft:glass_bottle":1,"minecraft:granite":1,"minecraft:cobweb":1,"minecraft:dirt":10,"iceandfire:copper_nugget":10,"spartanweaponry:battleaxe_iron":1,"tconstruct:copper_ore":1,"minecraft:gold_nugget":11,"minecraft:sand":5,"minecraft:red_dye":2,"minecraft:iron_pickaxe":1,"minecraft:gray_dye":2,"spartanweaponry:cave_spider_head":1,"minecraft:bone":1,"minecraft:redstone":4,"minecraft:dandelion":3,"iceandfire:silver_nugget":2,"minecraft:iron_nugget":35,"minecraft:light_gray_wool":2,"minecraft:iron_boots":2,"spartanweaponry:pike_copper":2,"minecraft:gunpowder":4,"minecraft:golden_leggings":1,"minecraft:gray_concrete_powder":1,"minecraft:light_gray_dye":26,"minecraft:slime_ball":6,"minecraft:iron_ore":9,"minecraft:arrow":2,"minecraft:bow":1,"minecraft:wooden_pickaxe":1,"minecraft:black_wool":1}},"DataVersion":2586}